Tempo,Saída
0.0,0.0
0.06602943900000001,73.09840391662773
0.13206497099999998,215.131971404806
0.19736561199999997,284.83891982490815
0.263311405,329.6995507851644
0.32964985199999997,305.2848313569873
0.39499835699999997,325.3808545837566
0.460502955,338.6044179084538
0.5259516150000001,354.8901450907291
0.591198819,393.1788504966199
0.6564476880000001,366.6505413214794
0.7219423380000001,379.8837930661849
0.7883306290000001,368.1617853344909
0.857345521,348.10644995454123
