Tempo,Saída
0.06746992,0
0.133499359,73.09840391662773
0.199534891,215.131971404806
0.264835532,284.83891982490815
0.330781325,329.6995507851644
0.397119772,305.28483135698735
0.462468277,325.3808545837566
0.527972875,338.6044179084538
0.593421535,354.8901450907291
0.658668739,393.1788504966199
0.723917608,366.6505413214794
0.789412258,379.8837930661849
0.855800549,368.16178533449084
0.924815441,348.10644995454123
