Tempo,Saída
0.067536477,0.3787889337495843
0.132918945,71.96302753258391
0.1987111,222.7178413249517
0.263933934,259.4429453725025
0.33009218,318.9314268001227
0.395898032,324.5990162340448
0.461650812,302.26727207197195
0.528979833,328.0186866608073
0.594039752,329.91598988572287
0.659379304,344.3125645907676
0.725645571,392.7877585955876
0.792051524,361.70512822005855
0.858897214,386.7099358667744
0.924828482,373.1103332765514
0.990053295,328.0374819692877
1.053499263,360.59330266689346
