Tempo,Saída
0.0733356,0
0.139612386,65.90355420256503
0.205281259,221.21850357883267
0.272345021,285.2156890958142
0.338689202,304.15643267553537
0.403634902,310.2249104913151
0.469357525,314.3751671091125
0.53508421,328.02552007525907
0.600184179,330.27701138184653
0.666045395,381.05108712698797
0.731688539,381.4497252570952
0.796415177,357.1979645258571
0.861295824,382.93368329339074
0.926847302,329.16587181332415
0.992467685,365.5027760931833
