Tempo,Saída
0.0,0.0
0.066276786,65.90355420256503
0.131945659,221.21850357883267
0.19900942100000002,285.2156890958142
0.265353602,304.15643267553537
0.330299302,310.2249104913151
0.396021925,314.3751671091125
0.46174860999999995,328.02552007525907
0.5268485789999999,330.27701138184653
0.592709795,381.051087126988
0.658352939,381.4497252570952
0.723079577,357.1979645258571
0.7879602240000001,382.93368329339074
0.853511702,329.16587181332415
0.919132085,365.5027760931833
