Tempo,Saída
0.0,-0.3787639612716412
0.06498918899999999,48.10602782325898
0.13138738,212.86164988356785
0.196395787,289.37515522997387
0.26175460899999997,315.1387162386682
0.327279367,298.845283393301
0.39305693599999997,320.04832552709394
0.459090546,337.1069479354113
0.524257181,345.837305214485
0.590539331,396.5878892361488
0.655537061,355.64700798493243
0.720749789,379.12627269373246
0.786427515,370.46394946016073
0.85031223,326.898260369822
0.91534298,372.690148396766
