Tempo,Saída
0.069317952,-0.3787639612716412
0.134307141,48.106027823258984
0.200705332,212.86164988356782
0.265713739,289.37515522997387
0.331072561,315.1387162386682
0.396597319,298.845283393301
0.462374888,320.04832552709394
0.528408498,337.1069479354113
0.593575133,345.837305214485
0.659857283,396.5878892361488
0.724855013,355.64700798493243
0.790067741,379.12627269373246
0.855745467,370.46394946016073
0.919630182,326.898260369822
0.984660932,372.690148396766
