Tempo,Saída
0.0,1.136289914430204
0.065016896,64.0105547487239
0.13073092400000003,215.50920931142255
0.19597807899999997,281.4396993417208
0.261428878,326.1310538987453
0.327003739,301.12205631153665
0.39338719,327.23842888118054
0.459453872,338.6296765283622
0.524573423,348.45013874494384
0.590356148,397.69732113766105
0.656290643,381.7794903511884
0.7223486259999999,384.4627711519597
0.788448901,369.3006350990544
0.85433199,337.8721157307601
