Tempo,Saída
0.071399282,1.136289914430204
0.136416178,64.0105547487239
0.202130206,215.50920931142258
0.267377361,281.4396993417208
0.33282816,326.1310538987453
0.398403021,301.12205631153665
0.464786472,327.23842888118054
0.530853154,338.6296765283622
0.595972705,348.45013874494384
0.66175543,397.69732113766105
0.727689925,381.7794903511884
0.793747908,384.4627711519597
0.859848183,369.30063509905443
0.925731272,337.8721157307601
