Tempo,Saída
0.068955689,0.7575739787272597
0.132881913,60.98565663252034
0.196530274,202.65490313603712
0.261532221,284.8562094885569
0.327356976,328.4151505888939
0.392752567,295.80942386500715
0.458022064,324.59170282430404
0.523642341,338.2338725470286
0.58857783,349.6282692140392
0.653511496,394.3213567348684
0.718369485,367.79257986058946
0.784453875,386.7146403560788
0.849374311,367.793867063265
0.91569021,342.4234269709823
