Tempo,Saída
0.0,0.7575739787272597
0.06392622399999999,60.98565663252034
0.12757458500000002,202.65490313603712
0.19257653200000002,284.8562094885569
0.25840128700000004,328.4151505888939
0.323796878,295.80942386500715
0.389066375,324.59170282430404
0.45468665199999997,338.2338725470286
0.5196221409999999,349.6282692140392
0.584555807,394.3213567348684
0.6494137959999999,367.7925798605895
0.7154981859999999,386.7146403560788
0.780418622,367.793867063265
0.8467345209999999,342.4234269709823
