Tempo,Saída
0.12975973,0.7575174192855401
0.195507141,65.90802005790144
0.261324187,215.88796731399066
0.327595554,286.7268129722732
0.392468074,324.2410900881676
0.458226735,301.5065845201124
0.524023937,326.0970979100899
0.589158278,333.71480814929777
0.654684388,354.1646073247075
0.720592684,398.065731877324
0.787137434,379.895656848529
0.852198703,376.899599691405
0.917138879,361.35713882196416
0.98275577,335.58604412782256
