Tempo,Saída
0.0,0.7575174192855401
0.065747411,65.90802005790144
0.131564457,215.88796731399063
0.19783582400000002,286.7268129722732
0.262708344,324.2410900881676
0.32846700500000003,301.5065845201124
0.3942642070000001,326.0970979100899
0.459398548,333.71480814929777
0.524924658,354.1646073247075
0.590832954,398.065731877324
0.6573777040000001,379.895656848529
0.722438973,376.899599691405
0.7873791490000001,361.35713882196416
0.8529960400000001,335.58604412782256
