Tempo,Saída
0.0,0.3787751467168262
0.067198653,71.96465373341012
0.133087312,215.51109119998455
0.19864363,285.58654188788654
0.26476687099999996,331.4207858409057
0.33003964900000005,300.7547743653226
0.39624783799999996,329.92861445295165
0.46176269699999994,337.0940831148935
0.526984433,351.90105409160617
0.592025441,395.7911769923799
0.65773056,373.8303110973384
0.723410366,379.1480075337081
0.7893353799999999,363.6020473804553
0.85440644,326.12936897586
