Tempo,Saída
0.067964942,0.37877514671682627
0.135163595,71.96465373341012
0.201052254,215.51109119998458
0.266608572,285.58654188788654
0.332731813,331.4207858409057
0.398004591,300.7547743653226
0.46421278,329.92861445295165
0.529727639,337.0940831148935
0.594949375,351.90105409160617
0.659990383,395.7911769923799
0.725695502,373.8303110973384
0.791375308,379.1480075337081
0.857300322,363.60204738045525
0.922371382,326.12936897585996
