Tempo,Saída
0.069168204,-0.37879488066428296
0.135733943,69.9937373713605
0.201722913,213.62399913822742
0.268703546,294.3180008699757
0.334086634,329.9251942874924
0.399709982,301.87646686731847
0.465698588,329.9246224339491
0.531464175,339.7813637449691
0.597599551,360.5801784132871
0.66268785,393.55216534949835
0.729373431,393.5562712398927
0.794225116,379.5129509525367
0.859578518,368.14899937853295
0.925413062,335.61110083073766
