Tempo,Saída
0.0,-0.3787948806642829
0.066565739,69.9937373713605
0.132554709,213.62399913822745
0.199535342,294.3180008699757
0.26491843,329.9251942874924
0.330541778,301.87646686731847
0.396530384,329.9246224339491
0.46229597099999997,339.7813637449691
0.5284313469999999,360.5801784132871
0.593519646,393.5521653494984
0.660205227,393.5562712398927
0.725056912,379.5129509525367
0.790410314,368.14899937853295
0.8562448579999999,335.61110083073766
